,top1,top3,top5,top10,all
2025-11-14 21:00:00+00:00,0.0030854996713923265,0.001028499890464109,0.00013529751729151224,-0.0021097184833012857,-0.0027061507189346337
2025-11-17 21:00:00+00:00,-0.017325,-0.012884308926647969,-0.012763745355988796,-0.01027522085188901,-0.009602892988717556
2025-11-18 21:00:00+00:00,-0.026235000000000147,-0.014932500000000048,-0.00841170192106025,-0.004107251651169916,-0.0067198822280139054
2025-11-19 21:00:00+00:00,0.02702700000000018,0.004128300000000072,0.011075459920561687,0.0038837500358992394,0.0015362061925266073
2025-11-20 21:00:00+00:00,0.003728999981964903,0.0047860212084619705,-0.0047593072749228405,-0.00635273654245022,-0.011212422194517218
2025-11-21 21:00:00+00:00,0.0,0.007081794885977265,0.011371796747233745,0.008909338267150523,0.006607076350109958
2025-11-24 21:00:00+00:00,0.009371999615866084,0.022620332598439097,0.01585051902498513,0.014031084228834622,0.008932907664888759
2025-11-25 21:00:00+00:00,0.013595999796405148,0.023846237707834648,0.019880782554535854,0.01149467461121872,0.00763028530898533
2025-11-26 21:00:00+00:00,0.013295699999999987,0.043019687389672746,0.026809070056184176,0.012740872397083835,0.007580732994731557
2025-11-28 18:00:00+00:00,-0.018064200000000075,-0.006193000000000069,-0.0024387000000000475,-0.0011481274458035096,0.0028723187551155604
2025-12-01 21:00:00+00:00,0.016661700000000078,-0.015190314725327739,-0.014833754100901365,-0.005889030725710372,-0.0054545040442603365
2025-12-02 21:00:00+00:00,0.007735199188513538,0.011475193251141694,0.0032904772955460993,-0.0008349975083041357,-0.000659069583277608
2025-12-03 21:00:00+00:00,-0.007774800263574302,0.018458543271112373,0.012976900000086476,0.008206713139967382,0.002560893451284763
2025-12-04 21:00:00+00:00,0.0,0.003075599999999954,0.0006190799999999472,0.0031701574894392377,0.005621175077979642
2025-12-05 21:00:00+00:00,0.0,-0.015920300000000002,-0.008791860000000002,-0.004699935734434198,0.0005433422286661522
2025-12-08 21:00:00+00:00,0.003629999628731566,0.005501079771106855,0.0005154478626641257,-0.0011985424603852993,-0.004041798249555487
2025-12-09 21:00:00+00:00,-0.005662800633357947,-0.0019074002111192975,-0.00048510026992921556,-0.0008375477725998768,-0.0028759136711834364
2025-12-10 21:00:00+00:00,-0.0002244000638363377,0.004588099978721157,0.009047279760128278,0.009077639880064122,0.00409171613223071
2025-12-11 21:00:00+00:00,-0.013305599999999904,0.003879686544754058,0.0013279119268524591,-0.00031715734934096597,0.0030778651431894767
2025-12-12 21:00:00+00:00,-0.03125760000000008,-0.009718519141029473,-0.006448213613507792,-0.003326700219757242,-0.004247774117878633
2025-12-15 21:00:00+00:00,0.0,-0.0013130298411363171,3.037170882191371e-05,0.0003553264337259288,0.00034663882253327014
2025-12-16 21:00:00+00:00,0.0,0.001865600000000004,-0.00354239906249416,-0.002149072257189698,-0.002351990911752253
2025-12-17 21:00:00+00:00,0.0,-0.006534000002746628,-0.00509124406299812,-0.009079687837232934,-0.007044012562752568
2025-12-18 21:00:00+00:00,-0.04032600657685064,-0.014389102396459609,-0.00656114693954411,-0.002899450408017451,0.002210297141036561
2025-12-19 21:00:00+00:00,0.0051033478802625125,0.015034215960087506,0.012827409576052492,0.011283182595290929,0.008743495778192436
2025-12-22 21:00:00+00:00,0.01068372480107076,0.007004241576362087,0.010398575859855722,0.0077650379299278455,0.005404546375763439
2025-12-23 21:00:00+00:00,0.0,0.0,0.002453880000000019,0.0010824358566390983,-0.0007912663847403324
2025-12-24 18:00:00+00:00,-0.00016501961322282568,-5.500653774094189e-05,0.0027350269381058727,0.0020664531806373018,0.0020983533609949187
2025-12-26 21:00:00+00:00,-0.0162525,-0.0054175,-0.004737525568925765,-0.0034256015181314673,0.002727471262922426
2025-12-29 21:00:00+00:00,-0.0074910099753571465,-0.0024970033251190487,-0.003052510732076391,-0.0026109668640870477,-0.0036369552197894235
2025-12-30 21:00:00+00:00,0.0002236646786688425,7.455489288961417e-05,4.47329357337685e-05,-0.0005794847836759145,0.003125833769198534
2025-12-31 21:00:00+00:00,0.0,0.0,-0.000666787984963681,-0.0008211367696526108,-0.006311292705066183
2026-01-02 21:00:00+00:00,0.014247412999658567,0.004749137666552856,0.003532380050845828,-0.003358381534416309,-9.707624078836546e-05
2026-01-05 21:00:00+00:00,0.06796217999999997,0.02265405999999999,0.01745012062013638,0.014846551376938796,0.006857847115919853
2026-01-06 21:00:00+00:00,-0.011754599999999964,0.001358492154241321,0.0005930492024162411,0.0040278296300768745,0.0020203589722291608
2026-01-07 21:00:00+00:00,-0.040154399999999944,-0.01544399999999996,-0.015120035501659603,-0.0004761081983982892,-0.0022799308315133732
2026-01-08 21:00:00+00:00,-0.023813100696910335,0.008793299767696544,0.005282462814647874,0.0023524142231392056,0.001803980808090568
2026-01-09 21:00:00+00:00,-0.005306422282974103,-0.006402007427658022,-0.0026202044565948137,-0.0011569825199650443,-0.002368402980320828
2026-01-12 21:00:00+00:00,0.020060039999999852,0.0004760797366112595,-0.005272906779751579,0.0027708701213033787,0.007973476343749073
2026-01-13 21:00:00+00:00,0.006465020661940602,-0.0004805931196168467,-0.0035296448909404353,-0.006975541977834868,-0.005524201886495109
2026-01-14 21:00:00+00:00,-0.05401770337597041,-0.018005901125323468,-0.010159190015452055,-0.012330152456620495,-0.008200959564114044
2026-01-15 21:00:00+00:00,-0.00548470914996049,-0.0018282363833201634,-0.004492906055858619,-0.006744754257011582,-0.00328136175840077
2026-01-16 21:00:00+00:00,0.0,0.0,-0.006808295999999996,-0.008725843438015277,-0.001732485512401803
2026-01-20 21:00:00+00:00,0.0,0.0009743210430377165,-0.0019062473741773855,-0.013839889429490068,-0.007812428082315581
2026-01-21 21:00:00+00:00,0.0,-0.007453611532993881,-0.008678347033930884,-0.0019110780380609768,-8.568372139831676e-05
2026-01-22 21:00:00+00:00,-0.007286462831437847,0.010511579056187369,0.005314306664686876,0.0004893975565154245,0.003918432531990934
2026-01-23 21:00:00+00:00,-0.012005400000000036,-0.002388100117486165,0.0036095339124794976,-0.0009636066209300548,-0.0021828918575240693
2026-01-26 21:00:00+00:00,0.011893199999999987,0.0008759185962014226,0.0017538072103077998,0.0008769036051538999,-5.630183241573885e-05
2026-01-27 21:00:00+00:00,0.007405200000000017,0.006804629618904459,0.004082777771342676,0.0007751660933708532,-0.0018666824246895634
2026-01-28 21:00:00+00:00,-0.0075173999999999155,0.0017731997898655935,0.0009147572124000344,-0.0012249811967119163,-0.0018017812791175712
2026-01-29 21:00:00+00:00,0.027825599999999902,0.010991199999999958,0.006613196272254182,0.009097256102723605,0.0008923363794226273
2026-01-30 21:00:00+00:00,-0.0019008261384653904,-0.00846853749106171,-0.012714682639885544,-0.008024111659805658,-0.0077912958280521305
2026-02-02 21:00:00+00:00,0.0,-0.0007095003685195434,0.0021324597788882583,0.002047724705770792,0.004338276308070405
2026-02-03 21:00:00+00:00,0.0,-0.007298531760375694,0.007644099794306492,0.0015109731945740679,-0.005139866751816116
2026-02-04 21:00:00+00:00,-0.003816193993290053,-0.033619858740750345,-0.04692567524445018,-0.027280624611219044,-0.010882860577009292
2026-02-05 21:00:00+00:00,-0.01629020992178256,-0.00814156997392753,-0.01762030203440752,-0.015764761429965315,-0.010525946622739094
2026-02-06 21:00:00+00:00,0.022070400000000035,0.03206278406333912,0.011936882065495192,0.023849803663949034,0.012230161834046982
2026-02-09 21:00:00+00:00,-0.00856698315268608,0.011655538939589823,0.017691918146903678,0.006099027179801487,0.003168467010112077
2026-02-10 21:00:00+00:00,0.004461566599276866,-0.0018108311534528003,-0.0060456066920716745,-0.006008650927939582,-0.0005998886589893411
2026-02-11 21:00:00+00:00,-0.020476604304003103,-0.011255558284916423,-0.015583871673356103,-0.028085445373787064,-0.009624733077190023
2026-02-12 21:00:00+00:00,0.0036428952924154145,0.004228256356926858,0.005055770667448782,-0.00017880411235369334,-0.009368663562556624
2026-02-13 21:00:00+00:00,-0.012487199999999898,0.004692600000000034,-2.063189436485426e-05,-0.0016966159471824241,0.001460206816492179
2026-02-17 21:00:00+00:00,-0.009649200000000078,-0.006549399999999946,0.004432177664170926,0.0045528185657354335,0.0025411592207771976
2026-02-18 21:00:00+00:00,0.03656377936325442,0.011335364130698883,0.006429966078180365,0.005205541938318653,0.0027012681756345656
2026-02-19 21:00:00+00:00,0.004130902924252964,0.0034669676414176044,-0.00011959941514946247,0.0006686961823306632,0.0003636243660627383
2026-02-20 21:00:00+00:00,0.002989674049999962,0.001909558016666624,0.0035633148099999817,0.00044099936856311706,2.974856093678705e-05
2026-02-23 21:00:00+00:00,-0.02250705822935285,-0.010098364916943827,-0.010490519401415746,-0.010610415154896906,-0.005682983035729495
2026-02-24 21:00:00+00:00,0.0,0.0008150497854146261,0.004473247260682746,0.006725607233922802,0.0073513669634544055
2026-02-25 21:00:00+00:00,0.0,0.016528599999999973,0.017420040000000005,0.010863585575933693,0.009629405211715744
2026-02-26 21:00:00+00:00,0.0,0.0065559999999999395,0.010964561312058325,0.006156469180446985,0.0010351320925098394
2026-02-27 21:00:00+00:00,0.0005150327666866633,0.011036377588895552,-0.011103946497453426,-0.013482918066500427,-0.011225110450040104
2026-03-02 21:00:00+00:00,0.014432219999999975,0.0018153868171275373,-0.005956172938560028,-0.0021567388082580955,0.00035871384311360213
2026-03-03 21:00:00+00:00,-0.028604399999999943,-0.014560813462998992,0.0007301998239977158,-0.005567658285274829,-0.00700433068529009
2026-03-04 21:00:00+00:00,0.015602400000000065,0.006554806074090533,0.00691344364445431,0.005341020872719385,0.008070368882142822
2026-03-05 21:00:00+00:00,-0.012351899999999945,-0.010435730304483413,-0.022720519336019603,-0.013616839051157112,-0.006225345477818609
2026-03-06 21:00:00+00:00,-0.018272892011683653,-0.0034784641402680477,-0.010088696682519716,-0.01248387207925499,-0.0060267351423710066
2026-03-09 20:00:00+00:00,0.0,-0.0013760999999999739,0.0002474999999999998,0.0007292996984948962,0.0027899768820926893
2026-03-10 20:00:00+00:00,0.004896133184615755,0.0004242443948719165,-0.004994436890183108,0.0004717808503317725,0.0030278399706246623
2026-03-11 20:00:00+00:00,-0.020912694663029283,-0.011190574162182538,-0.007392824497309505,-0.002780002252387345,-0.002364473476134844
2026-03-12 20:00:00+00:00,-0.011556743020731787,-0.006277747673577232,-0.009593822248179928,-0.009952171140299539,-0.008054618869854058
2026-03-13 20:00:00+00:00,0.0,-0.0015631328174576513,-0.002674220542130721,0.0033352013562214936,-0.003587293177650563
2026-03-16 20:00:00+00:00,-0.003993429558415559,-0.0013311431861385197,0.0006819415866016361,0.004314500410799487,0.0058554905066985855
2026-03-17 20:00:00+00:00,0.00683100000000009,-0.0037818402845824993,-0.01910189693342802,-0.010290809863523796,-0.0012674398938393814
2026-03-18 20:00:00+00:00,-0.01062599999999994,-0.007101599999999968,-0.010705859999999987,-0.0077469493290150725,-0.009154952477407207
2026-03-19 20:00:00+00:00,-0.01095599999999994,-0.004782799999999977,0.00564564795650658,0.0036370352751153856,-0.002507625522170362
2026-03-20 20:00:00+00:00,-0.01372818331202813,-0.004611261104009395,-0.020658133637485598,-0.018351696818742803,-0.011676155120314937
2026-03-23 20:00:00+00:00,-0.020624999999999998,-0.009000203198481512,-0.0011035219190888832,0.006825718005151157,0.006523527004054557
2026-03-24 20:00:00+00:00,0.005609847328063315,0.006000211347822041,-0.005299973191306769,-0.004148710051471008,-0.0019571891157785133
2026-03-25 20:00:00+00:00,-0.011022362596159919,0.002284572840482783,0.008860602379620516,0.0043557057705772406,0.0017930306257305144
2026-03-26 20:00:00+00:00,0.0,0.0,-0.012930024642905893,-0.007727592323013767,-0.011829622697477117
2026-03-27 20:00:00+00:00,0.002045996884571318,0.0021031860042667358,-0.008865788397439945,-0.007644786184100768,-0.011273901718065894
2026-03-30 20:00:00+00:00,0.004883950608539098,-0.01041491493003744,0.0005028510419775479,-0.001679750789622555,-0.0015096471526420733
2026-03-31 20:00:00+00:00,0.0,0.002041587181802688,0.005423642938981082,0.01061823190448153,0.012833887753129105
2026-04-01 20:00:00+00:00,0.004190868038537233,0.0090353560128457,0.009979607635831073,0.00677147361824063,0.003744973698920894
2026-04-02 20:00:00+00:00,0.008414581272750724,0.005607644320433681,0.004356333086591031,0.00260188654329552,-0.0011553672325102155
2026-04-06 20:00:00+00:00,-0.0019144220527962943,-0.0015148744776771058,-0.004445556636907625,-0.0010816405929226466,0.0011022804190093925
2026-04-07 20:00:00+00:00,0.08240099113143662,0.022310175641843063,0.013386105385105837,0.004690508227370551,-0.0012975754078572014
2026-04-08 20:00:00+00:00,-0.002765442309429154,0.002818185896856973,0.0016909115381141839,0.013440495946738702,0.016307706836201075
2026-04-09 20:00:00+00:00,0.0025245000000000298,0.001228700000000008,0.0006561668805109765,0.0014653833824616954,0.002294108934983914
2026-04-10 20:00:00+00:00,-0.0022308733047583834,-0.008318224593008287,-0.01402820258304827,-0.008156197367658683,-0.00059222979405183
2026-04-13 20:00:00+00:00,0.0,0.0,-0.0021007805156159558,-0.0013592714841160719,0.007711882537227618
2026-04-14 20:00:00+00:00,-0.01099231082930787,-0.0036641036097692903,-0.0004072247613852195,-0.00013165619700876316,0.006018959116569425
2026-04-15 20:00:00+00:00,-0.000415800000000072,-0.000138600000000024,0.006854099999999963,0.004479744160728117,0.011786401741206135
2026-04-16 20:00:00+00:00,0.0069201000000000835,0.0006918411175812888,-0.0012269753294512336,0.0027624117983669756,0.0015600926961047445
2026-04-17 20:00:00+00:00,0.01933132869128881,0.008087115210877419,0.011860149117302297,0.007319704255121286,0.0017034927993834512
2026-04-20 20:00:00+00:00,0.0,-0.008855241366470668,-0.003972685203173966,-7.630511555129643e-05,-0.002235855059128078
2026-04-21 20:00:00+00:00,0.0,-0.011719403178045018,-0.01157376235783894,-0.005407382485159919,-0.007777477519421341
2026-04-22 20:00:00+00:00,0.0,0.02917418458756837,0.017504510752541023,0.009773631281414275,0.00457022953346868
2026-04-23 20:00:00+00:00,0.0,-0.009972600329256015,-0.00827244021323328,-0.005388256675915387,-0.010152428692150375
2026-04-24 20:00:00+00:00,0.0,-0.00344299999999997,-0.0016222801863759913,-0.0005900401963914989,0.0019011836638543928
2026-04-27 20:00:00+00:00,0.004448222924878723,-0.005106263254826103,-0.002857838193499141,-0.002918705565940471,-0.0015502659169353106
2026-04-28 20:00:00+00:00,0.03297360000000002,0.018919998279946438,0.010435918967967858,0.0021574608228891014,-0.0018483365167522338
2026-04-29 20:00:00+00:00,0.01108799999999997,0.0023891974578082093,0.0015206384746849363,0.002486549237342459,-0.003740708020657732
2026-04-30 20:00:00+00:00,-0.00066,0.004254800000000032,0.003177239596603764,0.002566071798996624,0.00466042330875735
2026-05-01 20:00:00+00:00,-0.0044615999999999935,-0.02880680000000001,-0.012835680254195129,-0.0062907144184310634,-0.0004326296619866026
2026-05-04 20:00:00+00:00,0.002666399999999976,0.012075799013599883,0.004140839186165262,0.001959771951260678,-0.0026918652401162787
2026-05-05 20:00:00+00:00,-0.018282024928565184,-0.013222008309521749,-0.006487805512885364,-0.0033069327634396616,-0.004144678275067016
2026-05-06 20:00:00+00:00,0.0,0.000950400000000036,0.002669040000000033,0.005825567990099507,0.01040388882586662
2026-05-07 20:00:00+00:00,0.0,-0.003801600000000044,-0.0033844800198709656,0.00020755303051868783,-0.0004144883602605874
2026-05-08 20:00:00+00:00,0.0,-0.0005676093644315551,0.005158554381341078,0.004674471644816809,-0.0003065098193244126
2026-05-11 20:00:00+00:00,-0.02286900000000006,-0.009452306288194882,-0.0013272637729169485,-0.0005121619180420166,0.0022211538215192537
2026-05-12 20:00:00+00:00,-0.008570099999999933,0.0019360000000000401,-0.00010957247717767217,-0.001096926268712788,-0.0028966805165803124
2026-05-13 20:00:00+00:00,0.036243899999999975,0.01968668593445493,0.008947601359443563,0.008445479601193172,0.0032906730829524284
2026-05-14 20:00:00+00:00,-0.00536580488417112,-0.006122601628057049,-0.00023364097683423665,0.004965179502736229,0.0009074848838817502
2026-05-15 20:00:00+00:00,0.0,-0.0077252999999999515,-0.011932140113735404,-0.011572319233388148,-0.010489845694814148
2026-05-18 20:00:00+00:00,-0.006204006016883454,-0.007214919160528607,-0.011784312072423362,-0.008226804719128216,-0.007412354259503181
2026-05-19 20:00:00+00:00,0.0,-0.0038314011107682196,-0.006279305494870416,-0.0057593765830741325,-0.003091666938549938
2026-05-20 20:00:00+00:00,0.0,0.0013711485438401675,0.0012266085750684537,0.0020540824271207455,0.004177441400040834
2026-05-21 20:00:00+00:00,-0.0021318012150300545,-0.002522397672653724,-0.0018553186035922536,0.00044598946124740495,0.0017341458388674073
2026-05-22 20:00:00+00:00,-0.008893500000000089,0.001709399999999946,-7.742055835187872e-05,0.0015773711212710094,0.004378293404803161
2026-05-26 20:00:00+00:00,0.007910076387618432,-0.01142626002980633,-0.007004916536227024,0.003985239266793951,0.0038546325965422247
2026-05-27 20:00:00+00:00,0.006276595920423164,0.015025998640141045,0.007456015799887422,0.0011890582491225535,-0.0020467403929360865
2026-05-28 20:00:00+00:00,0.0,-0.004129456224115083,0.003758005549864623,0.00218293179411595,0.008065537046269663
2026-05-29 20:00:00+00:00,0.0,0.0002887337475228605,0.0032198001869438012,3.4600742598513147e-06,0.007422641047856775
2026-06-01 20:00:00+00:00,0.0,-0.0016061519808032289,0.0011714002463756497,0.008865730055263702,0.0016739034535339266
2026-06-02 20:00:00+00:00,-0.002481601749139968,-0.0008272005830466559,0.0032894396501720142,-0.0014767502103509404,-0.0017044500938507854
2026-06-03 20:00:00+00:00,-0.0032340013043260477,-0.0010780004347753492,-0.00154902127782751,-0.0016481429819575504,-0.006210620781523597
2026-06-04 20:00:00+00:00,0.034663199999999984,0.010905368944813566,0.003707836273527919,-7.557087336703718e-05,0.007043469240990657
2026-06-05 20:00:00+00:00,-0.0033792027402448775,-0.00429407352247832,-0.009631514185356748,-0.013230757092678392,-0.010070599176987743
2026-06-08 20:00:00+00:00,-0.010784400690467745,-0.0022440116108616887,-0.0018315073750674832,0.0027542223093481736,-2.9479034387709755e-06
2026-06-09 20:00:00+00:00,0.0,-0.00786104206418794,-0.0026857276984379947,0.0018086267452581055,0.0003053385172304146
2026-06-10 20:00:00+00:00,-0.00542520000552442,-0.0039802426433814654,-0.011250717353348365,-0.012082522322927261,-0.010209084268080612
2026-06-11 20:00:00+00:00,0.003022772771561713,0.0065048408365395785,0.0031109041818023716,0.009337042592982769,0.006605341588464515
2026-06-12 20:00:00+00:00,0.004382400000000066,-0.004659600163692239,-0.0038979602815166726,0.0028539699513725385,0.0034454449000607843
2026-06-15 20:00:00+00:00,0.028432765839553273,0.020755888398630035,0.012453533039178021,0.012371684916914942,0.0072810968326945304
2026-06-16 20:00:00+00:00,0.0,-0.004173401515651967,-0.0013358410999770075,-0.0018714001290658154,-0.0005611972122733329
2026-06-17 20:00:00+00:00,-0.00562322245718316,-0.013096390222394484,-0.00925703427731885,-0.004578631451557195,-0.004804512752016608
2026-06-18 20:00:00+00:00,-0.0027852019255177993,-0.00039545064757773616,-0.0002372703885466417,0.0017606163080640276,0.0028861935997446897
2026-06-19 20:00:00+00:00,0.0,0.0,0.0,0.0,0.0
2026-06-22 20:00:00+00:00,-0.06527400122656932,-0.030369022805594142,-0.018221413683356485,-0.011333594173449993,-0.007877816552313652
2026-06-23 20:00:00+00:00,-0.006573600000000024,0.003271619127163753,-0.000769429460932661,-0.0014200023422321361,-0.0050136274185558945
2026-06-24 20:00:00+00:00,0.010414794994315184,-0.0028497716685616154,-0.0009640635404616439,-5.554615577284209e-05,0.0009972451552804997
2026-06-25 20:00:00+00:00,0.0006863923506316496,-0.023934902775155115,-0.02783488619725728,-0.011661123672436156,-0.009135363766639317
2026-06-26 20:00:00+00:00,-0.004250401944335872,0.01827319861873094,0.016448519171238588,0.011231894754898655,0.004236096646363642
2026-06-29 20:00:00+00:00,0.0,-0.008588800147169682,-0.006179813003925486,-0.001533974943852253,0.0034537858111864835
2026-06-30 20:00:00+00:00,0.0,-0.0013662010938468984,0.002639750855002132,0.0001849499723600728,0.0035062702087336845
2026-07-01 20:00:00+00:00,0.0,0.009486399999999976,0.00568655999999993,0.014710401174364996,0.007501795985696664
2026-07-02 20:00:00+00:00,0.0,0.00516823931385586,0.007810703588313525,0.001794504153194552,0.0008513492602090564
2026-07-06 20:00:00+00:00,0.001029591646885042,-0.0016009456992965032,0.00900741258042214,0.008818126290211076,0.007640742697234289
2026-07-07 20:00:00+00:00,-0.00237600000000009,0.003498439999999959,-0.002476056789913987,-0.0015980584640730843,-0.006447507373680439
2026-07-08 20:00:00+00:00,0.009806155258963395,0.002550159579195665,-0.0018438246934258512,-0.003772495252174586,-0.0015845593678781107
2026-07-09 20:00:00+00:00,0.021443399999999856,0.007147799999999952,0.004652339883452241,0.0066132606715465616,0.0017273099012045834
2026-07-10 20:00:00+00:00,-0.008167807627299153,-0.004517874554509663,-0.0023123516459065212,0.0008270509001130431,0.0011344654990488583
2026-07-13 20:00:00+00:00,0.0,-0.004980278145139141,-2.6573537541863675e-06,-0.005733568131397853,-0.002424683357073693
2026-07-14 20:00:00+00:00,-8.220360760446056e-05,-0.0016235241967687034,-0.001338898229707803,0.0014727114796925297,-0.00042991268136654865
2026-07-15 20:00:00+00:00,0.003511200000000108,0.001170400000000036,0.012935142000000066,0.014851908437739278,0.00907293620137461
2026-07-16 20:00:00+00:00,-0.03812159999999999,-0.012707199999999997,-0.0014939102070463076,-0.010880606942373664,-0.0022743065663513072
2026-07-17 20:00:00+00:00,-0.027435001235153484,-0.011444449002207488,-0.007949069865253672,-0.009523530080455044,-0.007139424463110516
2026-07-20 20:00:00+00:00,-0.0076572211033686015,0.0014498196056816593,-0.0009444492637300537,-0.001976034631865032,-0.0017809944301506147
2026-07-21 20:00:00+00:00,0.0,0.015434099999999992,0.010317119571508711,0.0055868787453933425,0.001734371161394553
2026-07-22 20:00:00+00:00,0.0,-0.015148874504553817,-0.008947425144108064,-0.0020705750678036935,-0.0054460677383064695
2026-07-23 20:00:00+00:00,0.0,-0.005217311078386855,-0.00622314840061929,-0.0042603093787370195,-0.0030010535880281
2026-07-24 20:00:00+00:00,0.0,0.017835269792616997,0.010653113875570193,-0.0004067310622148995,-0.0021930851380884448
2026-07-27 20:00:00+00:00,0.0,-0.00238700000000003,0.0024121676428844547,0.0003349717860785164,0.006330124892657237
2026-07-28 20:00:00+00:00,0.007111085997510858,0.008045261999170251,0.00487434665748681,0.0030129401857424956,0.0006219848410446563
2026-07-29 20:00:00+00:00,-0.015823166121311533,-0.007639126064256103,-0.005576115638553659,-0.007807561324483775,-0.005166266990418959
2026-07-30 20:00:00+00:00,-0.004187178583849063,0.0009118970864903214,-0.00041382174889749505,-0.003929375765204951,0.002551469794656894
2026-07-31 20:00:00+00:00,-0.018806700000000075,-0.013039454578913354,-0.015834752747348017,-0.0022760936064591592,0.001845743009653772
2026-08-03 20:00:00+00:00,0.0305778000000001,0.029917786351060516,0.022842591666215783,0.02560166568016689,0.01323446126022065
2026-08-04 20:00:00+00:00,0.03393323999999999,0.011311079999999996,0.012608639999999938,0.00749956624708112,0.00426844233707163
2026-08-05 20:00:00+00:00,0.002474556428924743,0.002672852142974934,-0.0010006497471175047,-0.005909250110975655,-0.0032803447663635977
2026-08-06 20:00:00+00:00,0.009157499999999999,0.0017324999999999997,0.005839811999999997,-0.0046566585680028316,-0.0021235541994817963
2026-08-07 20:00:00+00:00,-0.00858825714705124,-0.001965152382350429,-0.0019391478364229459,0.013638107081788517,0.01316666437607505
2026-08-10 20:00:00+00:00,0.0,0.0036431999999999875,0.005030518299364788,0.006280385556707154,0.002972071011600157
2026-08-11 20:00:00+00:00,0.0,0.0007392000000000279,0.0004435200000000168,-0.0027006222833609594,-0.003424844253117931
2026-08-12 20:00:00+00:00,0.0,0.004276800000000012,0.002566080000000007,0.001373783551503699,-0.0016401920081383554
2026-08-13 20:00:00+00:00,0.0,-0.004185088632584174,-0.0019513738435990142,0.0003494125916304332,0.001886176700187764
2026-08-14 20:00:00+00:00,0.0,-0.0002910896300351078,0.0013070317843765224,-0.0009589979478083217,0.0030020288150558825
